Workbook

Sheet 卡牌数值
A1: 戈克世界：流脉牌局 · 稳定版卡牌数值调整表
A2: 稳定构建 20261020e24.5 · 244 个可收藏条目 + 8 个衍生物 · 直接修改黄色列，P 列自动标记改动
A3: 编辑范围：F 费用 / G 攻击 / H 生命；M-O 是原始值，P 列自动判断是否已改。
A5: ID | B5: 卡牌名 | C5: 阵营 | D5: 类型 | E5: 稀有度 | F5: 费用 | G5: 攻击 | H5: 生命 | I5: 牌组上限 | J5: 关键词 | K5: 卡牌文本 | L5: 效果类型 | M5: 原费用 | N5: 原攻击 | O5: 原生命 | P5: 改动 | Q5: 状态 | R5: 备注
A6: medic_apprentice | B6: 医疗学徒 | C6: 普卫岛 | D6: 随从 | E6: 普通 | F6: 1 | G6: 1 | H6: 2 | I6: 2 | K6: 引脉 4/8：恢复你的领袖 1/3 点生命。 | L6: veinTiers:2 | M6: 1 | N6: 1 | O6: 2 | P6: =IF(OR(F6<>M6,IF(AND(G6="",N6=""),FALSE,G6<>N6),IF(AND(H6="",O6=""),FALSE,H6<>O6)),"已改","") | Q6: 可组
A7: courier | B7: 协调部信使 | C7: 普卫岛 | D7: 随从 | E7: 普通 | F7: 1 | G7: 1 | H7: 2 | I7: 2 | K7: 被动：该随从在场时，同阵位每有一个其他友方随从，本随从获得 +0/+1。 | L7: zoneBonus:object | M7: 1 | N7: 1 | O7: 2 | P7: =IF(OR(F7<>M7,IF(AND(G7="",N7=""),FALSE,G7<>N7),IF(AND(H7="",O7=""),FALSE,H7<>O7)),"已改","") | Q7: 可组
A8: vein_scout | B8: 引脉斥候 | C8: 普卫岛 | D8: 随从 | E8: 普通 | F8: 1 | G8: 2 | H8: 1 | I8: 2 | J8: 突进 | K8: 突进。引脉 3：获得 +0/+1。 | L8: veinTiers:1 | M8: 1 | N8: 2 | O8: 1 | P8: =IF(OR(F8<>M8,IF(AND(G8="",N8=""),FALSE,G8<>N8),IF(AND(H8="",O8=""),FALSE,H8<>O8)),"已改","") | Q8: 可组
A9: vein_attendant | B9: 引脉侍从 | C9: 普卫岛 | D9: 随从 | E9: 稀有 | F9: 2 | G9: 2 | H9: 2 | I9: 2 | J9: 登场 | K9: 登场：流脉 +1。引脉 3：获得 +1/+1。 | L9: battlecry:veinOnly；veinTiers:1 | M9: 2 | N9: 2 | O9: 2 | P9: =IF(OR(F9<>M9,IF(AND(G9="",N9=""),FALSE,G9<>N9),IF(AND(H9="",O9=""),FALSE,H9<>O9)),"已改","") | Q9: 可组
A10: vein_foreman | B10: 掘脉工头 | C10: 普卫岛 | D10: 随从 | E10: 普通 | F10: 2 | G10: 2 | H10: 1 | I10: 2 | J10: 登场 | K10: 采掘 1；登场：抽 1 张牌。 | L10: battlecry:draw | M10: 2 | N10: 2 | O10: 1 | P10: =IF(OR(F10<>M10,IF(AND(G10="",N10=""),FALSE,G10<>N10),IF(AND(H10="",O10=""),FALSE,H10<>O10)),"已改","") | Q10: 可组
A11: timon | B11: 提蒙 | C11: 普卫岛 | D11: 随从 | E11: 传说 | F11: 3 | G11: 3 | H11: 2 | I11: 1 | J11: 被动 | K11: 被动：提蒙存活时，你每个回合打出的第一张牌行动力消耗 -1。 | L11: passive:firstCardDiscount | M11: 3 | N11: 3 | O11: 2 | P11: =IF(OR(F11<>M11,IF(AND(G11="",N11=""),FALSE,G11<>N11),IF(AND(H11="",O11=""),FALSE,H11<>O11)),"已改","") | Q11: 可组
A12: orlicas | B12: 欧莉卡斯 | C12: 普卫岛 | D12: 随从 | E12: 传说 | F12: 3 | G12: 2 | H12: 2 | I12: 1 | J12: 登场 | K12: 登场：抽 1 张牌；引脉 4：再抽 1 张牌。 | L12: battlecry:drawVein | M12: 3 | N12: 2 | O12: 2 | P12: =IF(OR(F12<>M12,IF(AND(G12="",N12=""),FALSE,G12<>N12),IF(AND(H12="",O12=""),FALSE,H12<>O12)),"已改","") | Q12: 可组
A13: guard | B13: 保卫部步兵 | C13: 普卫岛 | D13: 随从 | E13: 普通 | F13: 3 | G13: 1 | H13: 4 | I13: 2 | J13: 拦截 | K13: 拦截。被动：该随从在场时，同阵位每有一个其他友方随从，本随从获得 +1/+0。 | L13: zoneBonus:object | M13: 3 | N13: 1 | O13: 4 | P13: =IF(OR(F13<>M13,IF(AND(G13="",N13=""),FALSE,G13<>N13),IF(AND(H13="",O13=""),FALSE,H13<>O13)),"已改","") | Q13: 可组
A14: zone_keeper | B14: 同阵守望者 | C14: 普卫岛 | D14: 随从 | E14: 稀有 | F14: 3 | G14: 3 | H14: 2 | I14: 2 | K14: 被动：该随从在场时，同阵位每有一个其他友方随从，本随从获得 +1/+2。 | L14: zoneBonus:object | M14: 3 | N14: 3 | O14: 2 | P14: =IF(OR(F14<>M14,IF(AND(G14="",N14=""),FALSE,G14<>N14),IF(AND(H14="",O14=""),FALSE,H14<>O14)),"已改","") | Q14: 可组
A15: formation_weaver | B15: 阵线织者 | C15: 普卫岛 | D15: 随从 | E15: 史诗 | F15: 3 | G15: 2 | H15: 3 | I15: 2 | J15: 登场 | K15: 登场：若该卡被召唤到已经使用阵型卡的阵位，获得 +0/+1 并抽 1 张牌。 | L15: battlecry:formationPayoff | M15: 3 | N15: 2 | O15: 3 | P15: =IF(OR(F15<>M15,IF(AND(G15="",N15=""),FALSE,G15<>N15),IF(AND(H15="",O15=""),FALSE,H15<>O15)),"已改","") | Q15: 可组
A16: spring_medic | B16: 涌泉医师 | C16: 普卫岛 | D16: 随从 | E16: 普通 | F16: 3 | G16: 2 | H16: 3 | I16: 2 | J16: 登场 | K16: 登场：恢复所有友方随从 2 点生命。 | L16: battlecry:healAllAllies | M16: 3 | N16: 2 | O16: 3 | P16: =IF(OR(F16<>M16,IF(AND(G16="",N16=""),FALSE,G16<>N16),IF(AND(H16="",O16=""),FALSE,H16<>O16)),"已改","") | Q16: 可组
A17: shextena | B17: 希斯蒂娜 | C17: 普卫岛 | D17: 随从 | E17: 传说 | F17: 4 | G17: 3 | H17: 3 | I17: 1 | J17: 登场 | K17: 登场：恢复你的领袖 3 点生命；每实际恢复 1 点，希斯蒂娜获得 +1/+1。引脉 10：恢复你的领袖 3 点生命。 | L17: battlecry:healHeroSelfBuff；veinTiers:1 | M17: 4 | N17: 3 | O17: 3 | P17: =IF(OR(F17<>M17,IF(AND(G17="",N17=""),FALSE,G17<>N17),IF(AND(H17="",O17=""),FALSE,H17<>O17)),"已改","") | Q17: 可组
A18: verious | B18: 维里欧斯 | C18: 普卫岛 | D18: 随从 | E18: 传说 | F18: 4 | G18: 4 | H18: 2 | I18: 1 | J18: 登场 | K18: 登场：沉默一个敌方随从；引脉 5：获得 +0/+2。 | L18: battlecry:silenceVeinBuff | M18: 4 | N18: 4 | O18: 2 | P18: =IF(OR(F18<>M18,IF(AND(G18="",N18=""),FALSE,G18<>N18),IF(AND(H18="",O18=""),FALSE,H18<>O18)),"已改","") | Q18: 可组
A19: aidric | B19: 艾德里克 | C19: 普卫岛 | D19: 随从 | E19: 传说 | F19: 4 | G19: 2 | H19: 4 | I19: 1 | J19: 拦截 | K19: 拦截。引脉 4/8：获得 +1/+1 / +2/+2。登场：若该随从对位有敌方随从，获得 3 点护甲。 | L19: mirrorBonus:object；veinTiers:2 | M19: 4 | N19: 2 | O19: 4 | P19: =IF(OR(F19<>M19,IF(AND(G19="",N19=""),FALSE,G19<>N19),IF(AND(H19="",O19=""),FALSE,H19<>O19)),"已改","") | Q19: 可组
A20: vein_engineer | B20: 引脉工程师 | C20: 普卫岛 | D20: 随从 | E20: 史诗 | F20: 4 | G20: 2 | H20: 3 | I20: 2 | J20: 登场 | K20: 登场：流脉 +2；引脉 6：获得 +1/+1。 | L20: battlecry:veinBuff | M20: 4 | N20: 2 | O20: 3 | P20: =IF(OR(F20<>M20,IF(AND(G20="",N20=""),FALSE,G20<>N20),IF(AND(H20="",O20=""),FALSE,H20<>O20)),"已改","") | Q20: 可组
A21: vein_oracle | B21: 引脉先知 | C21: 普卫岛 | D21: 随从 | E21: 稀有 | F21: 5 | G21: 4 | H21: 5 | I21: 2 | K21: 引脉 6：抽 1 张牌。 | L21: veinTiers:1 | M21: 5 | N21: 4 | O21: 5 | P21: =IF(OR(F21<>M21,IF(AND(G21="",N21=""),FALSE,G21<>N21),IF(AND(H21="",O21=""),FALSE,H21<>O21)),"已改","") | Q21: 可组
A22: miyuki | B22: 深雪 | C22: 普卫岛 | D22: 随从 | E22: 传说 | F22: 6 | G22: 5 | H22: 7 | I22: 1 | J22: 登场 | K22: 登场：冻结场上除自己阵位以外的全部随从，包括友方。被动：深雪在场时，同阵位友方随从不会被冻结。 | L22: battlecry:freezeAllExceptOwnZone | M22: 6 | N22: 5 | O22: 7 | P22: =IF(OR(F22<>M22,IF(AND(G22="",N22=""),FALSE,G22<>N22),IF(AND(H22="",O22=""),FALSE,H22<>O22)),"已改","") | Q22: 可组
A23: excavation_titan | B23: 掘脉泰坦 | C23: 普卫岛 | D23: 随从 | E23: 稀有 | F23: 7 | G23: 5 | H23: 6 | I23: 2 | J23: 登场 | K23: 登场：流脉 +2。引脉 10：获得 +2/+1。 | L23: battlecry:veinOnly；veinTiers:1 | M23: 7 | N23: 5 | O23: 6 | P23: =IF(OR(F23<>M23,IF(AND(G23="",N23=""),FALSE,G23<>N23),IF(AND(H23="",O23=""),FALSE,H23<>O23)),"已改","") | Q23: 可组
A24: resonance | B24: 流脉共鸣 | C24: 普卫岛 | D24: 战术 | E24: 普通 | F24: 1 | I24: 2 | K24: 采掘 1。 | L24: spell:drawGainVein | M24: 1 | P24: =IF(OR(F24<>M24,IF(AND(G24="",N24=""),FALSE,G24<>N24),IF(AND(H24="",O24=""),FALSE,H24<>O24)),"已改","") | Q24: 可组
A25: coordination | B25: 协同调度 | C25: 普卫岛 | D25: 战术 | E25: 普通 | F25: 2 | I25: 2 | K25: 使目标所在阵位的所有随从获得 +1/+1。 | L25: spell:buffZone | M25: 2 | P25: =IF(OR(F25<>M25,IF(AND(G25="",N25=""),FALSE,G25<>N25),IF(AND(H25="",O25=""),FALSE,H25<>O25)),"已改","") | Q25: 可组
A26: emergency | B26: 应急响应 | C26: 普卫岛 | D26: 战术 | E26: 普通 | F26: 2 | I26: 2 | K26: 恢复一个友方随从 2 点生命；抽 1 张牌。 | L26: spell:healDraw | M26: 2 | P26: =IF(OR(F26<>M26,IF(AND(G26="",N26=""),FALSE,G26<>N26),IF(AND(H26="",O26=""),FALSE,H26<>O26)),"已改","") | Q26: 可组
A27: vein_siphon | B27: 引脉虹吸 | C27: 普卫岛 | D27: 战术 | E27: 稀有 | F27: 2 | I27: 2 | K27: 恢复你的领袖 3 点生命；流脉 +2。 | L27: spell:healVein | M27: 2 | P27: =IF(OR(F27<>M27,IF(AND(G27="",N27=""),FALSE,G27<>N27),IF(AND(H27="",O27=""),FALSE,H27<>O27)),"已改","") | Q27: 可组
A28: vein_echo | B28: 地脉回响 | C28: 普卫岛 | D28: 战术 | E28: 普通 | F28: 2 | I28: 2 | K28: 恢复你的领袖 3 点生命，并使流脉 +2；若流脉达到 7，抽 1 张牌。 | L28: spell:healVeinDrawAt | M28: 2 | P28: =IF(OR(F28<>M28,IF(AND(G28="",N28=""),FALSE,G28<>N28),IF(AND(H28="",O28=""),FALSE,H28<>O28)),"已改","") | Q28: 可组
A29: formation_vein | B29: 地脉阵线 | C29: 普卫岛 | D29: 阵型 | E29: 稀有 | F29: 3 | I29: 2 | K29: 该阵位友方随从固定获得余响：恢复你的领袖 1 点生命。 | M29: 3 | P29: =IF(OR(F29<>M29,IF(AND(G29="",N29=""),FALSE,G29<>N29),IF(AND(H29="",O29=""),FALSE,H29<>O29)),"已改","") | Q29: 可组
A30: formation_bastion | B30: 磐石阵线 | C30: 普卫岛 | D30: 阵型 | E30: 稀有 | F30: 4 | I30: 2 | K30: 该阵位友方随从固定获得拦截。 | M30: 4 | P30: =IF(OR(F30<>M30,IF(AND(G30="",N30=""),FALSE,G30<>N30),IF(AND(H30="",O30=""),FALSE,H30<>O30)),"已改","") | Q30: 可组
A31: vein_heart | B31: 地脉之心 | C31: 普卫岛 | D31: 遗物 | E31: 史诗 | F31: 3 | I31: 1 | K31: 遗物：每触发一次引脉，恢复你的领袖 2 点生命。 | M31: 3 | P31: =IF(OR(F31<>M31,IF(AND(G31="",N31=""),FALSE,G31<>N31),IF(AND(H31="",O31=""),FALSE,H31<>O31)),"已改","") | Q31: 遗物
A32: formation_standard | B32: 阵线旗标 | C32: 普卫岛 | D32: 遗物 | E32: 史诗 | F32: 3 | I32: 1 | K32: 遗物：使用过阵型卡的阵位上，所有随从固定获得 +1/+0。 | M32: 3 | P32: =IF(OR(F32<>M32,IF(AND(G32="",N32=""),FALSE,G32<>N32),IF(AND(H32="",O32=""),FALSE,H32<>O32)),"已改","") | Q32: 遗物
A33: doorman | B33: 老门房 | C33: 学院 | D33: 随从 | E33: 普通 | F33: 1 | G33: 1 | H33: 3 | I33: 2 | J33: 拦截 | K33: 拦截。 | M33: 1 | N33: 1 | O33: 3 | P33: =IF(OR(F33<>M33,IF(AND(G33="",N33=""),FALSE,G33<>N33),IF(AND(H33="",O33=""),FALSE,H33<>O33)),"已改","") | Q33: 可组
A34: spell_novice | B34: 法术学徒 | C34: 学院 | D34: 随从 | E34: 普通 | F34: 1 | G34: 1 | H34: 1 | I34: 2 | J34: 登场 | K34: 登场：本回合你的下一张战术牌的行动力消耗 -1。 | L34: battlecry:discountSpellTurn | M34: 1 | N34: 1 | O34: 1 | P34: =IF(OR(F34<>M34,IF(AND(G34="",N34=""),FALSE,G34<>N34),IF(AND(H34="",O34=""),FALSE,H34<>O34)),"已改","") | Q34: 可组
A35: samuel | B35: 塞缪尔·奎因 | C35: 学院 | D35: 随从 | E35: 传说 | F35: 2 | G35: 2 | H35: 2 | I35: 1 | J35: 登场 | K35: 登场：随机冻结一名敌方随从。 | L35: battlecry:randomFreeze | M35: 2 | N35: 2 | O35: 2 | P35: =IF(OR(F35<>M35,IF(AND(G35="",N35=""),FALSE,G35<>N35),IF(AND(H35="",O35=""),FALSE,H35<>O35)),"已改","") | Q35: 可组
A36: reflux_apprentice | B36: 逆流学徒 | C36: 学院 | D36: 随从 | E36: 稀有 | F36: 2 | G36: 2 | H36: 1 | I36: 2 | J36: 登场 | K36: 逆流 1：若本回合你施放过战术牌，抽 1 张牌。 | L36: battlecry:spellDraw | M36: 2 | N36: 2 | O36: 1 | P36: =IF(OR(F36<>M36,IF(AND(G36="",N36=""),FALSE,G36<>N36),IF(AND(H36="",O36=""),FALSE,H36<>O36)),"已改","") | Q36: 可组
A37: justus | B37: 尤斯图斯·维尔纳 | C37: 学院 | D37: 随从 | E37: 传说 | F37: 3 | G37: 2 | H37: 3 | I37: 1 | J37: 登场 | K37: 登场：复制你手牌中行动力消耗最低的战术牌。 | L37: battlecry:copyLowestSpell | M37: 3 | N37: 2 | O37: 3 | P37: =IF(OR(F37<>M37,IF(AND(G37="",N37=""),FALSE,G37<>N37),IF(AND(H37="",O37=""),FALSE,H37<>O37)),"已改","") | Q37: 可组
A38: nina | B38: 妮娜·索雷尔 | C38: 学院 | D38: 随从 | E38: 传说 | F38: 3 | G38: 3 | H38: 3 | I38: 1 | J38: 登场 | K38: 逆流 1：冻结目标所在阵位的所有敌方随从。 | L38: battlecry:freezeZone | M38: 3 | N38: 3 | O38: 3 | P38: =IF(OR(F38<>M38,IF(AND(G38="",N38=""),FALSE,G38<>N38),IF(AND(H38="",O38=""),FALSE,H38<>O38)),"已改","") | Q38: 可组
A39: lecturer | B39: 学院讲师 | C39: 学院 | D39: 随从 | E39: 普通 | F39: 3 | G39: 3 | H39: 2 | I39: 2 | J39: 登场 | K39: 逆流 1：抽 1 张牌。 | L39: battlecry:draw | M39: 3 | N39: 3 | O39: 2 | P39: =IF(OR(F39<>M39,IF(AND(G39="",N39=""),FALSE,G39<>N39),IF(AND(H39="",O39=""),FALSE,H39<>O39)),"已改","") | Q39: 可组
A40: spell_echo | B40: 法术回响 | C40: 学院 | D40: 随从 | E40: 稀有 | F40: 3 | G40: 2 | H40: 2 | I40: 2 | J40: 登场 | K40: 登场：检索一张战术牌。 | L40: battlecry:discover | M40: 3 | N40: 2 | O40: 2 | P40: =IF(OR(F40<>M40,IF(AND(G40="",N40=""),FALSE,G40<>N40),IF(AND(H40="",O40=""),FALSE,H40<>O40)),"已改","") | Q40: 可组
A41: zone_archivist | B41: 三阵记录员 | C41: 学院 | D41: 随从 | E41: 稀有 | F41: 3 | G41: 2 | H41: 4 | I41: 2 | J41: 被动 | K41: 被动：每当一个友方随从死亡，获得一张 0 行动力「记录弹」。 | L41: passive:deathRecordShot | M41: 3 | N41: 2 | O41: 4 | P41: =IF(OR(F41<>M41,IF(AND(G41="",N41=""),FALSE,G41<>N41),IF(AND(H41="",O41=""),FALSE,H41<>O41)),"已改","") | Q41: 可组
A42: spell_conductor | B42: 法术指挥 | C42: 学院 | D42: 随从 | E42: 史诗 | F42: 3 | G42: 2 | H42: 4 | I42: 2 | K42: 被动：你每施放一张战术牌，获得 +1/+1。 | L42: passive:spellGrowth | M42: 3 | N42: 2 | O42: 4 | P42: =IF(OR(F42<>M42,IF(AND(G42="",N42=""),FALSE,G42<>N42),IF(AND(H42="",O42=""),FALSE,H42<>O42)),"已改","") | Q42: 可组
A43: karl_desmond | B43: 卡尔·德斯蒙德 | C43: 学院 | D43: 随从 | E43: 传说 | F43: 4 | G43: 2 | H43: 4 | I43: 1 | J43: 被动 | K43: 被动：每当一个友方随从死亡，检索一张战术牌。 | L43: passive:deathDiscoverSpell | M43: 4 | N43: 2 | O43: 4 | P43: =IF(OR(F43<>M43,IF(AND(G43="",N43=""),FALSE,G43<>N43),IF(AND(H43="",O43=""),FALSE,H43<>O43)),"已改","") | Q43: 可组
A44: arcane_conduit | B44: 奥术导管 | C44: 学院 | D44: 随从 | E44: 稀有 | F44: 4 | G44: 1 | H44: 5 | I44: 2 | J44: 被动 | K44: 被动：每当你施放一张战术牌，抽 1 张牌。 | L44: passive:spellDrawOne | M44: 4 | N44: 1 | O44: 5 | P44: =IF(OR(F44<>M44,IF(AND(G44="",N44=""),FALSE,G44<>N44),IF(AND(H44="",O44=""),FALSE,H44<>O44)),"已改","") | Q44: 可组
A45: arcane_theorist | B45: 奥术理论家 | C45: 学院 | D45: 随从 | E45: 传说 | F45: 4 | G45: 2 | H45: 4 | I45: 1 | J45: 被动 | K45: 被动：每当你施放一张战术牌，检索一张战术牌。每回合一次。 | L45: passive:spellDiscoverOnce | M45: 4 | N45: 2 | O45: 4 | P45: =IF(OR(F45<>M45,IF(AND(G45="",N45=""),FALSE,G45<>N45),IF(AND(H45="",O45=""),FALSE,H45<>O45)),"已改","") | Q45: 可组
A46: echo_adept | B46: 回响学徒 | C46: 学院 | D46: 随从 | E46: 史诗 | F46: 4 | G46: 3 | H46: 2 | I46: 2 | J46: 登场 | K46: 逆流 2：冻结目标所在阵位的所有敌方随从；每冻结一个随从，获得 +1/+1。 | L46: battlecry:freezeZoneGrowth | M46: 4 | N46: 3 | O46: 2 | P46: =IF(OR(F46<>M46,IF(AND(G46="",N46=""),FALSE,G46<>N46),IF(AND(H46="",O46=""),FALSE,H46<>O46)),"已改","") | Q46: 可组
A47: echo_observer | B47: 回响观测者 | C47: 学院 | D47: 随从 | E47: 史诗 | F47: 4 | G47: 3 | H47: 4 | I47: 2 | J47: 被动 | K47: 被动：每回合你第一次施放战术牌后，随机冻结一个敌方随从。 | L47: passive:spellFreezeOnce | M47: 4 | N47: 3 | O47: 4 | P47: =IF(OR(F47<>M47,IF(AND(G47="",N47=""),FALSE,G47<>N47),IF(AND(H47="",O47=""),FALSE,H47<>O47)),"已改","") | Q47: 可组
A48: cassian | B48: 卡西安·维尔 | C48: 学院 | D48: 随从 | E48: 传说 | F48: 5 | G48: 2 | H48: 5 | I48: 1 | J48: 被动 | K48: 被动：你的回合结束时，重复你最后使用的一张战术牌。 | L48: passive:repeatLastSpell | M48: 5 | N48: 2 | O48: 5 | P48: =IF(OR(F48<>M48,IF(AND(G48="",N48=""),FALSE,G48<>N48),IF(AND(H48="",O48=""),FALSE,H48<>O48)),"已改","") | Q48: 可组
A49: frost_professor | B49: 霜系教授 | C49: 学院 | D49: 随从 | E49: 史诗 | F49: 5 | G49: 2 | H49: 5 | I49: 2 | J49: 登场、被动 | K49: 被动：你攻击已被冻结的随从时，直接消灭该随从。逆流 3：冻结一个敌方随从。 | L49: battlecry:freeze；passive:attackDestroyFrozen | M49: 5 | N49: 2 | O49: 5 | P49: =IF(OR(F49<>M49,IF(AND(G49="",N49=""),FALSE,G49<>N49),IF(AND(H49="",O49=""),FALSE,H49<>O49)),"已改","") | Q49: 可组
A50: archive_search | B50: 档案检索 | C50: 学院 | D50: 战术 | E50: 普通 | F50: 1 | I50: 2 | K50: 双方各抽 1 张牌。 | L50: spell:drawBoth | M50: 1 | P50: =IF(OR(F50<>M50,IF(AND(G50="",N50=""),FALSE,G50<>N50),IF(AND(H50="",O50=""),FALSE,H50<>O50)),"已改","") | Q50: 可组
A51: debate | B51: 学术辩论 | C51: 学院 | D51: 战术 | E51: 普通 | F51: 1 | I51: 2 | K51: 对一个敌方随从造成 2 点伤害。 | L51: spell:damage | M51: 1 | P51: =IF(OR(F51<>M51,IF(AND(G51="",N51=""),FALSE,G51<>N51),IF(AND(H51="",O51=""),FALSE,H51<>O51)),"已改","") | Q51: 可组
A52: mana_surge | B52: 奥能涌动 | C52: 学院 | D52: 战术 | E52: 稀有 | F52: 1 | I52: 2 | K52: 本回合获得 2 行动力。 | L52: spell:rampSpell | M52: 1 | P52: =IF(OR(F52<>M52,IF(AND(G52="",N52=""),FALSE,G52<>N52),IF(AND(H52="",O52=""),FALSE,H52<>O52)),"已改","") | Q52: 可组
A53: frost_seal | B53: 寒霜封印 | C53: 学院 | D53: 战术 | E53: 普通 | F53: 2 | I53: 2 | K53: 冻结一个敌方随从；抽 1 张牌。 | L53: spell:freezeDraw | M53: 2 | P53: =IF(OR(F53<>M53,IF(AND(G53="",N53=""),FALSE,G53<>N53),IF(AND(H53="",O53=""),FALSE,H53<>O53)),"已改","") | Q53: 可组
A54: insight | B54: 洞察 | C54: 学院 | D54: 战术 | E54: 普通 | F54: 2 | I54: 2 | K54: 采掘 1。 | L54: spell:drawGainVein | M54: 2 | P54: =IF(OR(F54<>M54,IF(AND(G54="",N54=""),FALSE,G54<>N54),IF(AND(H54="",O54=""),FALSE,H54<>O54)),"已改","") | Q54: 可组
A55: borrow_vein | B55: 借脉 | C55: 学院 | D55: 战术 | E55: 稀有 | F55: 2 | I55: 2 | K55: 获得 1 行动力；下回合开始时再获得 1 行动力。 | L55: spell:gainManaNowNext | M55: 2 | P55: =IF(OR(F55<>M55,IF(AND(G55="",N55=""),FALSE,G55<>N55),IF(AND(H55="",O55=""),FALSE,H55<>O55)),"已改","") | Q55: 可组
A56: armor_break | B56: 破甲演算 | C56: 学院 | D56: 战术 | E56: 稀有 | F56: 2 | I56: 2 | K56: 移除敌方领袖 4 点护甲。 | L56: spell:stripArmorToMana | M56: 2 | P56: =IF(OR(F56<>M56,IF(AND(G56="",N56=""),FALSE,G56<>N56),IF(AND(H56="",O56=""),FALSE,H56<>O56)),"已改","") | Q56: 可组
A57: frost_scribe | B57: 霜印书记 | C57: 学院 | D57: 战术 | E57: 稀有 | F57: 2 | I57: 2 | K57: 逆流 1：冻结一个敌方随从并抽 1 张牌。 | L57: spell:freezeDraw | M57: 2 | P57: =IF(OR(F57<>M57,IF(AND(G57="",N57=""),FALSE,G57<>N57),IF(AND(H57="",O57=""),FALSE,H57<>O57)),"已改","") | Q57: 可组
A58: prohibition | B58: 禁制令 | C58: 学院 | D58: 战术 | E58: 普通 | F58: 3 | I58: 2 | K58: 冻结所有敌方随从。 | L58: spell:freezeAll | M58: 3 | P58: =IF(OR(F58<>M58,IF(AND(G58="",N58=""),FALSE,G58<>N58),IF(AND(H58="",O58=""),FALSE,H58<>O58)),"已改","") | Q58: 可组
A59: combo_spark | B59: 顺势火花 | C59: 学院 | D59: 战术 | E59: 稀有 | F59: 3 | I59: 2 | K59: 对目标所在阵位的所有敌方随从造成 3 点伤害。 | L59: spell:damageZone | M59: 3 | P59: =IF(OR(F59<>M59,IF(AND(G59="",N59=""),FALSE,G59<>N59),IF(AND(H59="",O59=""),FALSE,H59<>O59)),"已改","") | Q59: 可组
A60: double_formula | B60: 双重公式 | C60: 学院 | D60: 战术 | E60: 史诗 | F60: 3 | I60: 2 | K60: 随机对一个敌方单位造成 2 点伤害；若本回合此前已施放过战术牌，改为 5 点。 | L60: spell:randomDamageUpgrade | M60: 3 | P60: =IF(OR(F60<>M60,IF(AND(G60="",N60=""),FALSE,G60<>N60),IF(AND(H60="",O60=""),FALSE,H60<>O60)),"已改","") | Q60: 可组
A61: tactical_review | B61: 战术复盘 | C61: 学院 | D61: 战术 | E61: 普通 | F61: 3 | I61: 2 | K61: 抽 2 张牌。 | L61: spell:draw | M61: 3 | P61: =IF(OR(F61<>M61,IF(AND(G61="",N61=""),FALSE,G61<>N61),IF(AND(H61="",O61=""),FALSE,H61<>O61)),"已改","") | Q61: 可组
... A64: spellstorm | B64: 法术风暴 | C64: 学院 | D64: 战术 | E64: 传说 | F64: 8 | I64: 1 | K64: 对所有敌方单位造成等同于本局已使用的战术牌数量的伤害（最高 10 点）。 | L64: spell:damageAllEnemyUnitsPerGameSpell | M64: 8 | P64: =IF(OR(F64<>M64,IF(AND(G64="",N64=""),FALSE,G64<>N64),IF(AND(H64="",O64=""),FALSE,H64<>O64)),"已改","") | Q64: 可组
A65: formation_script | B65: 演算阵线 | C65: 学院 | D65: 阵型 | E65: 稀有 | F65: 4 | I65: 2 | K65: 该阵位友方随从固定获得袭扰。 | M65: 4 | P65: =IF(OR(F65<>M65,IF(AND(G65="",N65=""),FALSE,G65<>N65),IF(AND(H65="",O65=""),FALSE,H65<>O65)),"已改","") | Q65: 可组
A66: spell_codex | B66: 留存法典 | C66: 学院 | D66: 遗物 | E66: 史诗 | F66: 3 | I66: 1 | K66: 遗物：你的领袖技能被替换为「编目」：随机使一张手牌中的战术牌行动力消耗 -1。 | M66: 3 | P66: =IF(OR(F66<>M66,IF(AND(G66="",N66=""),FALSE,G66<>N66),IF(AND(H66="",O66=""),FALSE,H66<>O66)),"已改","") | Q66: 遗物
A67: frost_prism | B67: 霜晶棱镜 | C67: 学院 | D67: 遗物 | E67: 史诗 | F67: 3 | I67: 1 | K67: 遗物：每当你施放战术牌，恢复你的领袖 1 点生命。 | M67: 3 | P67: =IF(OR(F67<>M67,IF(AND(G67="",N67=""),FALSE,G67<>N67),IF(AND(H67="",O67=""),FALSE,H67<>O67)),"已改","") | Q67: 遗物
A68: lanzhou | B68: 澜舟 | C68: 西昭 | D68: 随从 | E68: 传说 | F68: 1 | G68: 1 | H68: 2 | I68: 1 | J68: 登场、隐匿 | K68: 隐匿。登场：召唤一个 1/1 洛斯汰魔物。 | L68: battlecry:summon | M68: 1 | N68: 1 | O68: 2 | P68: =IF(OR(F68<>M68,IF(AND(G68="",N68=""),FALSE,G68<>N68),IF(AND(H68="",O68=""),FALSE,H68<>O68)),"已改","") | Q68: 可组
A69: tribal_warrior | B69: 部落战士 | C69: 西昭 | D69: 随从 | E69: 普通 | F69: 1 | G69: 1 | H69: 2 | I69: 2 | J69: 登场 | K69: 血祭 3：获得 +1/+1。 | L69: battlecry:bloodBuff | M69: 1 | N69: 1 | O69: 2 | P69: =IF(OR(F69<>M69,IF(AND(G69="",N69=""),FALSE,G69<>N69),IF(AND(H69="",O69=""),FALSE,H69<>O69)),"已改","") | Q69: 可组
A70: lize | B70: 莉泽 | C70: 西昭 | D70: 随从 | E70: 传说 | F70: 2 | G70: 2 | H70: 2 | I70: 1 | K70: 压脉 2：消耗 2 点流脉，对敌方领袖造成 2 点伤害。 | M70: 2 | N70: 2 | O70: 2 | P70: =IF(OR(F70<>M70,IF(AND(G70="",N70=""),FALSE,G70<>N70),IF(AND(H70="",O70=""),FALSE,H70<>O70)),"已改","") | Q70: 可组
A71: blood_imp | B71: 血潮小鬼 | C71: 西昭 | D71: 随从 | E71: 普通 | F71: 2 | G71: 2 | H71: 2 | I71: 2 | J71: 汲取 | K71: 汲取。 | M71: 2 | N71: 2 | O71: 2 | P71: =IF(OR(F71<>M71,IF(AND(G71="",N71=""),FALSE,G71<>N71),IF(AND(H71="",O71=""),FALSE,H71<>O71)),"已改","") | Q71: 可组
A72: blood_acolyte | B72: 血祭侍从 | C72: 西昭 | D72: 随从 | E72: 稀有 | F72: 2 | G72: 1 | H72: 2 | I72: 2 | J72: 登场 | K72: 血祭 2：对所有敌方随从造成 1 点伤害。 | L72: battlecry:bloodDamageAllEnemies | M72: 2 | N72: 1 | O72: 2 | P72: =IF(OR(F72<>M72,IF(AND(G72="",N72=""),FALSE,G72<>N72),IF(AND(H72="",O72=""),FALSE,H72<>O72)),"已改","") | Q72: 可组
A73: blood_duelist | B73: 血祭刀客 | C73: 西昭 | D73: 随从 | E73: 普通 | F73: 2 | G73: 1 | H73: 2 | I73: 2 | J73: 突进、登场 | K73: 突进。血祭 5：获得 +2 攻击。 | L73: battlecry:bloodAttack | M73: 2 | N73: 1 | O73: 2 | P73: =IF(OR(F73<>M73,IF(AND(G73="",N73=""),FALSE,G73<>N73),IF(AND(H73="",O73=""),FALSE,H73<>O73)),"已改","") | Q73: 可组
A74: molan | B74: 墨兰 | C74: 西昭 | D74: 随从 | E74: 传说 | F74: 3 | G74: 1 | H74: 4 | I74: 1 | J74: 登场 | K74: 登场：检索一张随从牌；血祭 3：获得 +2 攻击。 | L74: battlecry:discoverMinionBloodBuff | M74: 3 | N74: 1 | O74: 4 | P74: =IF(OR(F74<>M74,IF(AND(G74="",N74=""),FALSE,G74<>N74),IF(AND(H74="",O74=""),FALSE,H74<>O74)),"已改","") | Q74: 可组
A75: blood_servant | B75: 血族仆从 | C75: 西昭 | D75: 随从 | E75: 普通 | F75: 3 | G75: 2 | H75: 2 | I75: 2 | J75: 余响、汲取 | K75: 汲取。余响：使一个友方随从获得 +1 攻击。 | L75: deathrattle:buffRandomAlly | M75: 3 | N75: 2 | O75: 2 | P75: =IF(OR(F75<>M75,IF(AND(G75="",N75=""),FALSE,G75<>N75),IF(AND(H75="",O75=""),FALSE,H75<>O75)),"已改","") | Q75: 可组
A76: losutai_hunter | B76: 洛斯汰猎手 | C76: 西昭 | D76: 随从 | E76: 普通 | F76: 3 | G76: 3 | H76: 2 | I76: 2 | J76: 余响、隐匿 | K76: 隐匿。余响：对随机敌方单位造成 1 点伤害。压脉 1：消耗 1 点流脉，对敌方领袖造成 1 点伤害。 | L76: deathrattle:damageRandomEnemy | M76: 3 | N76: 3 | O76: 2 | P76: =IF(OR(F76<>M76,IF(AND(G76="",N76=""),FALSE,G76<>N76),IF(AND(H76="",O76=""),FALSE,H76<>O76)),"已改","") | Q76: 可组
A77: venom_fang | B77: 毒潮獠牙 | C77: 西昭 | D77: 随从 | E77: 稀有 | F77: 3 | G77: 1 | H77: 1 | I77: 2 | J77: 蚀毒、汲取、隐匿 | K77: 蚀毒。汲取。隐匿。 | M77: 3 | N77: 1 | O77: 1 | P77: =IF(OR(F77<>M77,IF(AND(G77="",N77=""),FALSE,G77<>N77),IF(AND(H77="",O77=""),FALSE,H77<>O77)),"已改","") | Q77: 可组
A78: blood_wraith | B78: 噬血幽魂 | C78: 西昭 | D78: 随从 | E78: 普通 | F78: 3 | G78: 2 | H78: 3 | I78: 2 | J78: 汲取、隐匿 | K78: 汲取。隐匿。压脉 1：消耗 1 点流脉，对敌方领袖造成 1 点伤害。 | M78: 3 | N78: 2 | O78: 3 | P78: =IF(OR(F78<>M78,IF(AND(G78="",N78=""),FALSE,G78<>N78),IF(AND(H78="",O78=""),FALSE,H78<>O78)),"已改","") | Q78: 可组
A79: tiega | B79: 铁牙·阿古 | C79: 西昭 | D79: 随从 | E79: 传说 | F79: 4 | G79: 3 | H79: 3 | I79: 1 | J79: 突进、登场 | K79: 突进。血祭 5：获得 +2 攻击。 | L79: battlecry:bloodAttack | M79: 4 | N79: 3 | O79: 3 | P79: =IF(OR(F79<>M79,IF(AND(G79="",N79=""),FALSE,G79<>N79),IF(AND(H79="",O79=""),FALSE,H79<>O79)),"已改","") | Q79: 可组
A80: grayfeather | B80: 灰羽·乌恩 | C80: 西昭 | D80: 随从 | E80: 传说 | F80: 4 | G80: 3 | H80: 3 | I80: 1 | J80: 登场 | K80: 登场：吞噬同阵位所有其他友方随从，获得其攻击力和生命值。压脉 1：消耗 1 点流脉，对敌方领袖造成 1 点伤害。 | L80: battlecry:devourZoneAllies | M80: 4 | N80: 3 | O80: 3 | P80: =IF(OR(F80<>M80,IF(AND(G80="",N80=""),FALSE,G80<>N80),IF(AND(H80="",O80=""),FALSE,H80<>O80)),"已改","") | Q80: 可组
A81: devourer | B81: 噬潮者 | C81: 西昭 | D81: 随从 | E81: 史诗 | F81: 4 | G81: 4 | H81: 2 | I81: 2 | J81: 登场 | K81: 登场：吞噬一个攻击力最低的友方随从，获得其攻击力和生命值。 | L81: battlecry:devour | M81: 4 | N81: 4 | O81: 2 | P81: =IF(OR(F81<>M81,IF(AND(G81="",N81=""),FALSE,G81<>N81),IF(AND(H81="",O81=""),FALSE,H81<>O81)),"已改","") | Q81: 可组
A82: brood_matron | B82: 育巢母兽 | C82: 西昭 | D82: 随从 | E82: 史诗 | F82: 4 | G82: 3 | H82: 4 | I82: 2 | J82: 登场 | K82: 登场：召唤两个 1/1 洛斯汰魔物。 | L82: battlecry:summonCount | M82: 4 | N82: 3 | O82: 4 | P82: =IF(OR(F82<>M82,IF(AND(G82="",N82=""),FALSE,G82<>N82),IF(AND(H82="",O82=""),FALSE,H82<>O82)),"已改","") | Q82: 可组
A83: blood_executor | B83: 血债执行者 | C83: 西昭 | D83: 随从 | E83: 史诗 | F83: 4 | G83: 3 | H83: 3 | I83: 2 | J83: 被动、汲取 | K83: 汲取。被动：每当一个其他友方随从死亡，获得 +1/+1。 | L83: passive:deathGrowth | M83: 4 | N83: 3 | O83: 3 | P83: =IF(OR(F83<>M83,IF(AND(G83="",N83=""),FALSE,G83<>N83),IF(AND(H83="",O83=""),FALSE,H83<>O83)),"已改","") | Q83: 可组
A84: lanxi | B84: 澜汐 | C84: 西昭 | D84: 随从 | E84: 传说 | F84: 5 | G84: 5 | H84: 5 | I84: 1 | J84: 被动 | K84: 被动：场上每有一个洛斯汰魔物，获得 +1/+1。压脉 2：消耗 2 点流脉，对敌方领袖造成 2 点伤害。 | L84: passive:impGrowth | M84: 5 | N84: 5 | O84: 5 | P84: =IF(OR(F84<>M84,IF(AND(G84="",N84=""),FALSE,G84<>N84),IF(AND(H84="",O84=""),FALSE,H84<>O84)),"已改","") | Q84: 可组
A85: blood_priestess | B85: 血潮祭司 | C85: 西昭 | D85: 随从 | E85: 稀有 | F85: 5 | G85: 3 | H85: 3 | I85: 2 | J85: 登场、汲取 | K85: 汲取。登场：吞噬生命值最低的友方随从，获得其攻击力和生命值。 | L85: battlecry:devourLowestHealth | M85: 5 | N85: 3 | O85: 3 | P85: =IF(OR(F85<>M85,IF(AND(G85="",N85=""),FALSE,G85<>N85),IF(AND(H85="",O85=""),FALSE,H85<>O85)),"已改","") | Q85: 可组
A86: losutai_matriarch | B86: 洛斯汰母兽 | C86: 西昭 | D86: 随从 | E86: 史诗 | F86: 6 | G86: 4 | H86: 5 | I86: 2 | J86: 登场 | K86: 登场：召唤两个 1/1 洛斯汰魔物。 | L86: battlecry:summonCount | M86: 6 | N86: 4 | O86: 5 | P86: =IF(OR(F86<>M86,IF(AND(G86="",N86=""),FALSE,G86<>N86),IF(AND(H86="",O86=""),FALSE,H86<>O86)),"已改","") | Q86: 可组
A87: tide_colossus | B87: 潮骸巨像 | C87: 西昭 | D87: 随从 | E87: 史诗 | F87: 7 | G87: 3 | H87: 2 | I87: 2 | J87: 汲取 | K87: 汲取。登场：吞噬一个攻击力最低的友方随从，获得其攻击力和生命值；血祭 5：获得 +2/+2。 | L87: battlecry:devourBloodBuff | M87: 7 | N87: 3 | O87: 2 | P87: =IF(OR(F87<>M87,IF(AND(G87="",N87=""),FALSE,G87<>N87),IF(AND(H87="",O87=""),FALSE,H87<>O87)),"已改","") | Q87: 可组
A88: blood_ritual | B88: 血祭仪式 | C88: 西昭 | D88: 战术 | E88: 普通 | F88: 2 | I88: 2 | K88: 对一个友方随从造成 2 点伤害，抽 1 张牌；若该随从死亡，再抽 1 张牌。 | L88: spell:bloodDraw | M88: 2 | P88: =IF(OR(F88<>M88,IF(AND(G88="",N88=""),FALSE,G88<>N88),IF(AND(H88="",O88=""),FALSE,H88<>O88)),"已改","") | Q88: 可组
A89: shadow_raid | B89: 暗影袭扰 | C89: 西昭 | D89: 战术 | E89: 普通 | F89: 2 | I89: 2 | K89: 使一个友方随从获得 +2 攻击和隐匿。 | L89: spell:buffStealth | M89: 2 | P89: =IF(OR(F89<>M89,IF(AND(G89="",N89=""),FALSE,G89<>N89),IF(AND(H89="",O89=""),FALSE,H89<>O89)),"已改","") | Q89: 可组
A90: reflux | B90: 逆流 | C90: 西昭 | D90: 战术 | E90: 稀有 | F90: 2 | I90: 2 | K90: 压脉 3：消耗 3 点流脉，对敌方领袖造成 3 点伤害；恢复你的领袖 3 点生命。 | L90: spell:healHero | M90: 2 | P90: =IF(OR(F90<>M90,IF(AND(G90="",N90=""),FALSE,G90<>N90),IF(AND(H90="",O90=""),FALSE,H90<>O90)),"已改","") | Q90: 可组
A91: blood_pact | B91: 血契 | C91: 西昭 | D91: 战术 | E91: 稀有 | F91: 2 | I91: 2 | K91: 支付 3 点生命，使一个友方随从获得汲取和隐匿。 | L91: spell:bloodGrant | M91: 2 | P91: =IF(OR(F91<>M91,IF(AND(G91="",N91=""),FALSE,G91<>N91),IF(AND(H91="",O91=""),FALSE,H91<>O91)),"已改","") | Q91: 可组
A92: blood_altar | B92: 血祭祭坛 | C92: 西昭 | D92: 战术 | E92: 史诗 | F92: 2 | I92: 2 | K92: 召唤两个 1/1 的洛斯汰魔物。 | L92: spell:summonTwoTokens | M92: 2 | P92: =IF(OR(F92<>M92,IF(AND(G92="",N92=""),FALSE,G92<>N92),IF(AND(H92="",O92=""),FALSE,H92<>O92)),"已改","") | Q92: 可组
A93: blood_path | B93: 血路 | C93: 西昭 | D93: 战术 | E93: 稀有 | F93: 2 | I93: 2 | K93: 使一个友方随从获得 +1 攻击和汲取。 | L93: spell:buffLifesteal | M93: 2 | P93: =IF(OR(F93<>M93,IF(AND(G93="",N93=""),FALSE,G93<>N93),IF(AND(H93="",O93=""),FALSE,H93<>O93)),"已改","") | Q93: 可组
A94: blood_contract | B94: 血偿契约 | C94: 西昭 | D94: 战术 | E94: 史诗 | F94: 2 | I94: 2 | K94: 对一个友方随从造成 2 点伤害；抽 2 张牌。 | L94: spell:friendlyDamageDraw | M94: 2 | P94: =IF(OR(F94<>M94,IF(AND(G94="",N94=""),FALSE,G94<>N94),IF(AND(H94="",O94=""),FALSE,H94<>O94)),"已改","") | Q94: 可组
A95: hunt_ritual | B95: 猎杀仪式 | C95: 西昭 | D95: 战术 | E95: 普通 | F95: 3 | I95: 2 | K95: 对一个敌方随从造成 5 点伤害。 | L95: spell:damage | M95: 3 | P95: =IF(OR(F95<>M95,IF(AND(G95="",N95=""),FALSE,G95<>N95),IF(AND(H95="",O95=""),FALSE,H95<>O95)),"已改","") | Q95: 可组
A96: blood_pool | B96: 血池献祭 | C96: 西昭 | D96: 战术 | E96: 稀有 | F96: 3 | I96: 2 | K96: 抽 2 张牌。 | L96: spell:draw | M96: 3 | P96: =IF(OR(F96<>M96,IF(AND(G96="",N96=""),FALSE,G96<>N96),IF(AND(H96="",O96=""),FALSE,H96<>O96)),"已改","") | Q96: 可组
A97: monster_summon | B97: 魔物召唤 | C97: 西昭 | D97: 战术 | E97: 普通 | F97: 4 | I97: 2 | K97: 压脉 1：消耗 1 点流脉，对敌方领袖造成 1 点伤害。召唤一个 3/3 洛斯汰巨兽；若其阵位没有其他随从，再召唤一个 3/3 洛斯汰巨兽。 | L97: spell:summonMonster | M97: 4 | P97: =IF(OR(F97<>M97,IF(AND(G97="",N97=""),FALSE,G97<>N97),IF(AND(H97="",O97=""),FALSE,H97<>O97)),"已改","") | Q97: 可组
A98: formation_tide | B98: 潮痕阵线 | C98: 西昭 | D98: 阵型 | E98: 稀有 | F98: 4 | I98: 2 | K98: 该阵位友方随从固定获得汲取。 | M98: 4 | P98: =IF(OR(F98<>M98,IF(AND(G98="",N98=""),FALSE,G98<>N98),IF(AND(H98="",O98=""),FALSE,H98<>O98)),"已改","") | Q98: 可组
A99: blood_scythe | B99: 血潮镰 | C99: 西昭 | D99: 遗物 | E99: 史诗 | F99: 3 | I99: 1 | K99: 遗物：友方随从死亡时，你的领袖恢复 1 点生命。 | M99: 3 | P99: =IF(OR(F99<>M99,IF(AND(G99="",N99=""),FALSE,G99<>N99),IF(AND(H99="",O99=""),FALSE,H99<>O99)),"已改","") | Q99: 遗物
A100: blood_censer | B100: 血香炉 | C100: 西昭 | D100: 遗物 | E100: 史诗 | F100: 3 | I100: 1 | K100: 遗物：你的回合开始时，对场上随机一个随从（不分敌我）造成 1 点伤害；若它存活，你抽 1 张牌。 | M100: 3 | P100: =IF(OR(F100<>M100,IF(AND(G100="",N100=""),FALSE,G100<>N100),IF(AND(H100="",O100=""),FALSE,H100<>O100)),"已改","") | Q100: 遗物
A101: shield_recruit | B101: 盾墙新兵 | C101: 共和国 | D101: 随从 | E101: 普通 | F101: 1 | G101: 1 | H101: 2 | I101: 2 | J101: 拦截 | K101: 拦截。 | M101: 1 | N101: 1 | O101: 2 | P101: =IF(OR(F101<>M101,IF(AND(G101="",N101=""),FALSE,G101<>N101),IF(AND(H101="",O101=""),FALSE,H101<>O101)),"已改","") | Q101: 可组
A102: hans | B102: 汉斯·冯·霍尔姆 | C102: 共和国 | D102: 随从 | E102: 传说 | F102: 2 | G102: 2 | H102: 1 | I102: 1 | J102: 拦截 | K102: 拦截。被动：你召唤的拦截随从获得 +0/+1；该随从在场时，同阵位每有一个其他友方随从，本随从获得 +0/+1。 | L102: passive:tauntAura；zoneBonus:object | M102: 2 | N102: 2 | O102: 1 | P102: =IF(OR(F102<>M102,IF(AND(G102="",N102=""),FALSE,G102<>N102),IF(AND(H102="",O102=""),FALSE,H102<>O102)),"已改","") | Q102: 可组
A103: republic_guard | B103: 共和国卫兵 | C103: 共和国 | D103: 随从 | E103: 普通 | F103: 2 | G103: 1 | H103: 2 | I103: 2 | J103: 拦截、余响 | K103: 拦截。余响：对随机一个敌方随从造成 2 点伤害。 | L103: deathrattle:damageRandomMinion | M103: 2 | N103: 1 | O103: 2 | P103: =IF(OR(F103<>M103,IF(AND(G103="",N103=""),FALSE,G103<>N103),IF(AND(H103="",O103=""),FALSE,H103<>O103)),"已改","") | Q103: 可组
...

Sheet 衍生物
A1: 衍生物 / 召唤物
A2: 这些牌不由玩家直接组入牌组，但参与战斗；数值以游戏数据为准。
A4: ID | B4: 卡牌名 | C4: 阵营 | D4: 类型 | E4: 费用 | F4: 攻击 | G4: 生命 | H4: 关键词 | I4: 卡牌文本 | J4: 效果类型
A5: mining_permit | B5: 采掘许可 | C5: 中立 | D5: 战术 | E5: 0 | I5: 本回合获得 2 点行动力。 | J5: spell:gainMana
A6: losutai_imp | B6: 洛斯汰魔物 | C6: 西昭 | D6: 随从 | E6: 1 | F6: 1 | G6: 1 | H6: 余响 | I6: 余响：对随机敌方单位造成等同于攻击力的伤害（最高 5 点）。每回合开始时获得 +1/+1。 | J6: deathrattle:damageRandomEnemy；passive:turnGrowth
A7: losutai_beast | B7: 洛斯汰巨兽 | C7: 西昭 | D7: 随从 | E7: 3 | F7: 3 | G7: 3
A8: obsidian_spawn | B8: 黑曜碎片 | C8: 中立 | D8: 随从 | E8: 3 | F8: 3 | G8: 3
A9: grave_guard | B9: 墓钟守卫 | C9: 中立 | D9: 随从 | E9: 5 | F9: 5 | G9: 5
A10: astral_guardian | B10: 星界守卫 | C10: 中立 | D10: 随从 | E10: 3 | F10: 3 | G10: 3
A11: record_shot | B11: 记录弹 | C11: 学院 | D11: 战术 | E11: 0 | I11: 对一个敌方随从造成 1 点伤害。 | J11: spell:damage
A12: republic_recruit | B12: 共和国新兵 | C12: 共和国 | D12: 随从 | E12: 1 | F12: 1 | G12: 1

Sheet 对位矩阵
A1: 稳定版对位胜率矩阵
A2: 稳定版 20261020e24.5 · 每组对位 40 局，共 1440 局。胜率按分胜负对局计算；平局 7，卡死 0。绿=优，红=劣。
A4: 进攻方 \ 防守方 | B4: 普卫岛 | C4: 学院 | D4: 西昭 | E4: 共和国 | F4: 帝国 | G4: 灰港同盟 | H4: 总胜率 | I4: 样本
A5: 普卫岛 | B5: 0.625 | C5: 0.525 | D5: 0.65 | E5: 0.525 | F5: 0.425 | G5: 0.65 | H5: 0.53125 | I5: 480
A6: 学院 | B6: 0.4 | C6: 0.5 | D6: 0.725 | E6: 0.625 | F6: 0.4 | G6: 0.775 | H6: 0.5375 | I6: 480
A7: 西昭 | B7: 0.375 | C7: 0.45 | D7: 0.65 | E7: 0.4 | F7: 0.45 | G7: 0.675 | H7: 0.46458333 | I7: 480
A8: 共和国 | B8: 0.625 | C8: 0.5 | D8: 0.4 | E8: 0.525 | F8: 0.425 | G8: 0.55 | H8: 0.48958333 | I8: 480
A9: 帝国 | B9: 0.55 | C9: 0.7 | D9: 0.475 | E9: 0.7 | F9: 0.475 | G9: 0.775 | H9: 0.6125 | I9: 480
A10: 灰港同盟 | B10: 0.45 | C10: 0.275 | D10: 0.5 | E10: 0.375 | F10: 0.1 | G10: 0.625 | H10: 0.35 | I10: 480

Sheet 卡牌胜率
A1: 稳定版卡牌出场胜率
A2: 出场胜率 = 包含该卡出场且分出胜负的对局胜率，不是单卡因果/消融结果。用于找异常卡，不用于替代完整平衡测试。
A4: 卡牌ID | B4: 卡牌名 | C4: 阵营 | D4: 类型 | E4: 费用 | F4: 出场局数 | G4: 胜场 | H4: 出场胜率 | I4: 相对本阵营 | J4: 备注
A5: caravan_guard | B5: 商队护卫 | C5: 中立 | D5: 随从 | E5: 4 | F5: 1545 | G5: 841 | H5: 0.54433657 | I5: 0.018167693
A6: mist_scout | B6: 雾境斥候 | C6: 中立 | D6: 随从 | E6: 2 | F6: 1467 | G6: 773 | H6: 0.5269257 | I6: 0.00075682222
A7: gok_digger | B7: 戈克采掘者 | C7: 中立 | D7: 随从 | E7: 2 | F7: 1447 | G7: 828 | H7: 0.57221838 | I7: 0.046049506
A8: snow_medic | B8: 雪镇医者 | C8: 中立 | D8: 随从 | E8: 1 | F8: 1283 | G8: 658 | H8: 0.51286048 | I8: -0.013308393
A9: fog_sailor | B9: 雾港水手 | C9: 中立 | D9: 随从 | E9: 1 | F9: 917 | G9: 485 | H9: 0.52889858 | I9: 0.0027297059
A10: neutral_wayfarer | B10: 无籍旅者 | C10: 中立 | D10: 随从 | E10: 3 | F10: 856 | G10: 443 | H10: 0.51752336 | I10: -0.008645512
A11: formula_fix | B11: 公式修正 | C11: 学院 | D11: 战术 | E11: 4 | F11: 355 | G11: 184 | H11: 0.51830986 | I11: -0.019190141
A12: double_formula | B12: 双重公式 | C12: 学院 | D12: 战术 | E12: 3 | F12: 331 | G12: 174 | H12: 0.52567976 | I12: -0.011820242
A13: losutai_hunter | B13: 洛斯汰猎手 | C13: 西昭 | D13: 随从 | E13: 3 | F13: 319 | G13: 147 | H13: 0.46081505 | I13: -0.0037682863
A14: frost_seal | B14: 寒霜封印 | C14: 学院 | D14: 战术 | E14: 2 | F14: 316 | G14: 165 | H14: 0.5221519 | I14: -0.015348101
A15: coordination | B15: 协同调度 | C15: 普卫岛 | D15: 战术 | E15: 2 | F15: 304 | G15: 160 | H15: 0.52631579 | I15: -0.0049342105
A16: vein_scout | B16: 引脉斥候 | C16: 普卫岛 | D16: 随从 | E16: 1 | F16: 297 | G16: 155 | H16: 0.52188552 | I16: -0.0093644781
... A141: shield_marshal | B141: 持盾元帅 | C141: 共和国 | D141: 随从 | E141: 7 | F141: 20 | G141: 15 | H141: 0.75 | I141: 0.26041667
A142: vein_channel | B142: 流脉疏导 | C142: 中立 | D142: 战术 | E142: 2 | F142: 19 | G142: 10 | H142: 0.52631579 | I142: 0.00014691299 | J142: 样本不足
A143: bounty_hunter | B143: 赏金客 | C143: 中立 | D143: 随从 | E143: 3 | F143: 18 | G143: 10 | H143: 0.55555556 | I143: 0.029386679 | J143: 样本不足
A144: phalanx_executor | B144: 方阵执行官 | C144: 共和国 | D144: 随从 | E144: 4 | F144: 17 | G144: 8 | H144: 0.47058824 | I144: -0.018995098 | J144: 样本不足
A145: chrono_archivist | B145: 时序档案官 | C145: 中立 | D145: 随从 | E145: 8 | F145: 17 | G145: 11 | H145: 0.64705882 | I145: 0.12088995 | J145: 样本不足
A146: vein_warden | B146: 流脉守望者 | C146: 中立 | D146: 随从 | E146: 3 | F146: 17 | G146: 5 | H146: 0.29411765 | I146: -0.23205123 | J146: 样本不足
A147: smoke_screen | B147: 烟雾弹 | C147: 中立 | D147: 战术 | E147: 3 | F147: 17 | G147: 7 | H147: 0.41176471 | I147: -0.11440417 | J147: 样本不足
A148: reborn_sentry | B148: 回潮哨卫 | C148: 共和国 | D148: 随从 | E148: 3 | F148: 16 | G148: 9 | H148: 0.5625 | I148: 0.072916667 | J148: 样本不足
A149: mercenary | B149: 自由佣兵 | C149: 中立 | D149: 随从 | E149: 3 | F149: 16 | G149: 11 | H149: 0.6875 | I149: 0.16133112 | J149: 样本不足
A150: old_compass | B150: 旧罗盘 | C150: 中立 | D150: 战术 | E150: 3 | F150: 15 | G150: 8 | H150: 0.53333333 | I150: 0.0071644569 | J150: 样本不足
A151: vein_prism | B151: 流脉棱镜 | C151: 中立 | D151: 战术 | E151: 2 | F151: 15 | G151: 9 | H151: 0.6 | I151: 0.073831124 | J151: 样本不足
A152: traveling_healer | B152: 旅行医师 | C152: 中立 | D152: 随从 | E152: 3 | F152: 13 | G152: 8 | H152: 0.61538462 | I152: 0.089215739 | J152: 样本不足
A153: wandering_guard | B153: 荒野守卫 | C153: 中立 | D153: 随从 | E153: 3 | F153: 13 | G153: 6 | H153: 0.46153846 | I153: -0.064630415 | J153: 样本不足
... A196: iron_wall | B196: 铁壁令 | C196: 共和国 | D196: 战术 | E196: 2 | F196: 1 | G196: 0 | H196: 0 | I196: -0.48958333 | J196: 样本不足
A197: zone_archivist | B197: 三阵记录员 | C197: 学院 | D197: 随从 | E197: 3 | F197: 0 | G197: 0 | J197: 样本不足
A198: guard | B198: 保卫部步兵 | C198: 普卫岛 | D198: 随从 | E198: 3 | F198: 0 | G198: 0 | J198: 样本不足
A199: courier | B199: 协调部信使 | C199: 普卫岛 | D199: 随从 | E199: 1 | F199: 0 | G199: 0 | J199: 样本不足
A200: overload_gunner | B200: 反噬炮手 | C200: 帝国 | D200: 随从 | E200: 3 | F200: 0 | G200: 0 | J200: 样本不足
A201: echo_adept | B201: 回响学徒 | C201: 学院 | D201: 随从 | E201: 4 | F201: 0 | G201: 0 | J201: 样本不足
A202: echo_observer | B202: 回响观测者 | C202: 学院 | D202: 随从 | E202: 4 | F202: 0 | G202: 0 | J202: 样本不足
A203: vein_echo | B203: 地脉回响 | C203: 普卫岛 | D203: 战术 | E203: 2 | F203: 0 | G203: 0 | J203: 样本不足
A204: lecturer | B204: 学院讲师 | C204: 学院 | D204: 随从 | E204: 3 | F204: 0 | G204: 0 | J204: 样本不足
A205: empire_guard | B205: 帝国卫兵 | C205: 帝国 | D205: 随从 | E205: 2 | F205: 0 | G205: 0 | J205: 样本不足
A206: armor_forge | B206: 帝国锻炉 | C206: 帝国 | D206: 遗物 | E206: 3 | F206: 0 | G206: 0 | J206: 样本不足
A207: vein_attendant | B207: 引脉侍从 | C207: 普卫岛 | D207: 随从 | E207: 2 | F207: 0 | G207: 0 | J207: 样本不足
A208: vein_oracle | B208: 引脉先知 | C208: 普卫岛 | D208: 随从 | E208: 5 | F208: 0 | G208: 0 | J208: 样本不足
... A248: line_rotation | B248: 阵线轮换 | C248: 共和国 | D248: 战术 | E248: 1 | F248: 0 | G248: 0 | J248: 样本不足

Sheet 阵营统计
A1: 阵营数值统计
A2: 统计表使用公式引用「卡牌数值」；改完 F/G/H 后，Excel 会自动重算。稳定版按当前数据统计；中立卡不计入六阵营明细。
A4: 阵营 | B4: 可组主卡 | C4: 可组遗物 | D4: 禁用 | E4: 实验 | F4: 平均费用 | G4: 平均攻击(随从) | H4: 平均生命(随从) | I4: 总条目
A5: 普卫岛 | B5: =COUNTIFS('卡牌数值'!$C$6:$C$249,A5,'卡牌数值'!$Q$6:$Q$249,"可组",'卡牌数值'!$D$6:$D$249,"<>遗物") | C5: =COUNTIFS('卡牌数值'!$C$6:$C$249,A5,'卡牌数值'!$Q$6:$Q$249,"遗物") | D5: =COUNTIFS('卡牌数值'!$C$6:$C$249,A5,'卡牌数值'!$Q$6:$Q$249,"禁用") | E5: =COUNTIFS('卡牌数值'!$C$6:$C$249,A5,'卡牌数值'!$Q$6:$Q$249,"实验") | F5: =IFERROR(AVERAGEIFS('卡牌数值'!$F$6:$F$249,'卡牌数值'!$C$6:$C$249,A5,'卡牌数值'!$Q$6:$Q$249,"可组",'卡牌数值'!$D$6:$D$249,"<>遗物"),"") | G5: =IFERROR(AVERAGEIFS('卡牌数值'!$G$6:$G$249,'卡牌数值'!$C$6:$C$249,A5,'卡牌数值'!$Q$6:$Q$249,"可组",'卡牌数值'!$D$6:$D$249,"随从"),"") | H5: =IFERROR(AVERAGEIFS('卡牌数值'!$H$6:$H$249,'卡牌数值'!$C$6:$C$249,A5,'卡牌数值'!$Q$6:$Q$249,"可组",'卡牌数值'!$D$6:$D$249,"随从"),"") | I5: =COUNTIF('卡牌数值'!$C$6:$C$249,A5)
A6: 学院 | B6: =COUNTIFS('卡牌数值'!$C$6:$C$249,A6,'卡牌数值'!$Q$6:$Q$249,"可组",'卡牌数值'!$D$6:$D$249,"<>遗物") | C6: =COUNTIFS('卡牌数值'!$C$6:$C$249,A6,'卡牌数值'!$Q$6:$Q$249,"遗物") | D6: =COUNTIFS('卡牌数值'!$C$6:$C$249,A6,'卡牌数值'!$Q$6:$Q$249,"禁用") | E6: =COUNTIFS('卡牌数值'!$C$6:$C$249,A6,'卡牌数值'!$Q$6:$Q$249,"实验") | F6: =IFERROR(AVERAGEIFS('卡牌数值'!$F$6:$F$249,'卡牌数值'!$C$6:$C$249,A6,'卡牌数值'!$Q$6:$Q$249,"可组",'卡牌数值'!$D$6:$D$249,"<>遗物"),"") | G6: =IFERROR(AVERAGEIFS('卡牌数值'!$G$6:$G$249,'卡牌数值'!$C$6:$C$249,A6,'卡牌数值'!$Q$6:$Q$249,"可组",'卡牌数值'!$D$6:$D$249,"随从"),"") | H6: =IFERROR(AVERAGEIFS('卡牌数值'!$H$6:$H$249,'卡牌数值'!$C$6:$C$249,A6,'卡牌数值'!$Q$6:$Q$249,"可组",'卡牌数值'!$D$6:$D$249,"随从"),"") | I6: =COUNTIF('卡牌数值'!$C$6:$C$249,A6)
A7: 西昭 | B7: =COUNTIFS('卡牌数值'!$C$6:$C$249,A7,'卡牌数值'!$Q$6:$Q$249,"可组",'卡牌数值'!$D$6:$D$249,"<>遗物") | C7: =COUNTIFS('卡牌数值'!$C$6:$C$249,A7,'卡牌数值'!$Q$6:$Q$249,"遗物") | D7: =COUNTIFS('卡牌数值'!$C$6:$C$249,A7,'卡牌数值'!$Q$6:$Q$249,"禁用") | E7: =COUNTIFS('卡牌数值'!$C$6:$C$249,A7,'卡牌数值'!$Q$6:$Q$249,"实验") | F7: =IFERROR(AVERAGEIFS('卡牌数值'!$F$6:$F$249,'卡牌数值'!$C$6:$C$249,A7,'卡牌数值'!$Q$6:$Q$249,"可组",'卡牌数值'!$D$6:$D$249,"<>遗物"),"") | G7: =IFERROR(AVERAGEIFS('卡牌数值'!$G$6:$G$249,'卡牌数值'!$C$6:$C$249,A7,'卡牌数值'!$Q$6:$Q$249,"可组",'卡牌数值'!$D$6:$D$249,"随从"),"") | H7: =IFERROR(AVERAGEIFS('卡牌数值'!$H$6:$H$249,'卡牌数值'!$C$6:$C$249,A7,'卡牌数值'!$Q$6:$Q$249,"可组",'卡牌数值'!$D$6:$D$249,"随从"),"") | I7: =COUNTIF('卡牌数值'!$C$6:$C$249,A7)
A8: 共和国 | B8: =COUNTIFS('卡牌数值'!$C$6:$C$249,A8,'卡牌数值'!$Q$6:$Q$249,"可组",'卡牌数值'!$D$6:$D$249,"<>遗物") | C8: =COUNTIFS('卡牌数值'!$C$6:$C$249,A8,'卡牌数值'!$Q$6:$Q$249,"遗物") | D8: =COUNTIFS('卡牌数值'!$C$6:$C$249,A8,'卡牌数值'!$Q$6:$Q$249,"禁用") | E8: =COUNTIFS('卡牌数值'!$C$6:$C$249,A8,'卡牌数值'!$Q$6:$Q$249,"实验") | F8: =IFERROR(AVERAGEIFS('卡牌数值'!$F$6:$F$249,'卡牌数值'!$C$6:$C$249,A8,'卡牌数值'!$Q$6:$Q$249,"可组",'卡牌数值'!$D$6:$D$249,"<>遗物"),"") | G8: =IFERROR(AVERAGEIFS('卡牌数值'!$G$6:$G$249,'卡牌数值'!$C$6:$C$249,A8,'卡牌数值'!$Q$6:$Q$249,"可组",'卡牌数值'!$D$6:$D$249,"随从"),"") | H8: =IFERROR(AVERAGEIFS('卡牌数值'!$H$6:$H$249,'卡牌数值'!$C$6:$C$249,A8,'卡牌数值'!$Q$6:$Q$249,"可组",'卡牌数值'!$D$6:$D$249,"随从"),"") | I8: =COUNTIF('卡牌数值'!$C$6:$C$249,A8)
A9: 帝国 | B9: =COUNTIFS('卡牌数值'!$C$6:$C$249,A9,'卡牌数值'!$Q$6:$Q$249,"可组",'卡牌数值'!$D$6:$D$249,"<>遗物") | C9: =COUNTIFS('卡牌数值'!$C$6:$C$249,A9,'卡牌数值'!$Q$6:$Q$249,"遗物") | D9: =COUNTIFS('卡牌数值'!$C$6:$C$249,A9,'卡牌数值'!$Q$6:$Q$249,"禁用") | E9: =COUNTIFS('卡牌数值'!$C$6:$C$249,A9,'卡牌数值'!$Q$6:$Q$249,"实验") | F9: =IFERROR(AVERAGEIFS('卡牌数值'!$F$6:$F$249,'卡牌数值'!$C$6:$C$249,A9,'卡牌数值'!$Q$6:$Q$249,"可组",'卡牌数值'!$D$6:$D$249,"<>遗物"),"") | G9: =IFERROR(AVERAGEIFS('卡牌数值'!$G$6:$G$249,'卡牌数值'!$C$6:$C$249,A9,'卡牌数值'!$Q$6:$Q$249,"可组",'卡牌数值'!$D$6:$D$249,"随从"),"") | H9: =IFERROR(AVERAGEIFS('卡牌数值'!$H$6:$H$249,'卡牌数值'!$C$6:$C$249,A9,'卡牌数值'!$Q$6:$Q$249,"可组",'卡牌数值'!$D$6:$D$249,"随从"),"") | I9: =COUNTIF('卡牌数值'!$C$6:$C$249,A9)
A10: 灰港同盟 | B10: =COUNTIFS('卡牌数值'!$C$6:$C$249,A10,'卡牌数值'!$Q$6:$Q$249,"可组",'卡牌数值'!$D$6:$D$249,"<>遗物") | C10: =COUNTIFS('卡牌数值'!$C$6:$C$249,A10,'卡牌数值'!$Q$6:$Q$249,"遗物") | D10: =COUNTIFS('卡牌数值'!$C$6:$C$249,A10,'卡牌数值'!$Q$6:$Q$249,"禁用") | E10: =COUNTIFS('卡牌数值'!$C$6:$C$249,A10,'卡牌数值'!$Q$6:$Q$249,"实验") | F10: =IFERROR(AVERAGEIFS('卡牌数值'!$F$6:$F$249,'卡牌数值'!$C$6:$C$249,A10,'卡牌数值'!$Q$6:$Q$249,"可组",'卡牌数值'!$D$6:$D$249,"<>遗物"),"") | G10: =IFERROR(AVERAGEIFS('卡牌数值'!$G$6:$G$249,'卡牌数值'!$C$6:$C$249,A10,'卡牌数值'!$Q$6:$Q$249,"可组",'卡牌数值'!$D$6:$D$249,"随从"),"") | H10: =IFERROR(AVERAGEIFS('卡牌数值'!$H$6:$H$249,'卡牌数值'!$C$6:$C$249,A10,'卡牌数值'!$Q$6:$Q$249,"可组",'卡牌数值'!$D$6:$D$249,"随从"),"") | I10: =COUNTIF('卡牌数值'!$C$6:$C$249,A10)
A11: 合计 | B11: =SUM(B5:B10) | C11: =SUM(C5:C10) | D11: =SUM(D5:D10) | E11: =SUM(E5:E10) | F11: =IFERROR(AVERAGE(F5:F10),"") | G11: =IFERROR(AVERAGE(G5:G10),"") | H11: =IFERROR(AVERAGE(H5:H10),"") | I11: =SUM(I5:I10)
A13: 全局
A14: 可组主卡 | B14: =COUNTIFS('卡牌数值'!$Q$6:$Q$249,"可组",'卡牌数值'!$D$6:$D$249,"<>遗物")
A15: 可组遗物 | B15: =COUNTIFS('卡牌数值'!$Q$6:$Q$249,"遗物")
A16: 实验牌 | B16: =COUNTIF('卡牌数值'!$Q$6:$Q$249,"实验")
A17: 禁用牌 | B17: =COUNTIF('卡牌数值'!$Q$6:$Q$249,"禁用")
A18: 可收藏条目 | B18: =COUNTA('卡牌数值'!$A$6:$A$249)
A19: 衍生物 | B19: =COUNTA(衍生物!$A$5:$A$12)
A20: 总卡牌条目 | B20: =B14+B15+B16+B17+B19

Sheet 说明
A1: 卡牌数值表 · 使用说明
A3: 版本 | B3: 稳定版构建 20261020e24.5；本表不包含抢先版数据。
A4: 编辑范围 | B4: 只改「卡牌数值」的 F 费用、G 攻击、H 生命三列（黄色）。M-O 是原始值，P 列自动显示「已改」。
A5: 空白值 | B5: 战术/遗物没有攻击或生命时保持空白；不要填 0，否则会被视为改动。
A6: 牌组上限 | B6: 按稀有度/类型自动记录：遗物 1、传说 1、阵型 2、其他 2。
A7: 状态 | B7: 可组 = 正常组卡池；遗物 = 可组遗物。稳定版没有实验或禁用条目。
A8: 正常卡池 | B8: 稳定版共 244 个可收藏条目；各阵营数量见「阵营统计」。
A9: 实验牌 | B9: 稳定版不含实验牌；抢先版实验内容不会进入本表。
A10: 改动后 | B10: 在 Excel 里调整只影响这份表，不会自动写回游戏；把改动同步到稳定版 data.js 后重新测试、打包。
A11: 统计 | B11: 「阵营统计」和「稀有度」使用公式；Excel 打开或修改后会自动重算。
A12: 提示 | B12: 先筛选「状态」=可组，再按阵营/费用调整，避免改错遗物。

Sheet 稀有度
A1: 稀有度分布
A2: 统计表使用公式引用「卡牌数值」；修改后自动重算。
A3: 稀有度 | B3: 可收藏数量 | C3: 平均费用 | D3: 可组主卡数
A4: 普通 | B4: =COUNTIF('卡牌数值'!$E$6:$E$249,A4) | C4: =IFERROR(AVERAGEIFS('卡牌数值'!$F$6:$F$249,'卡牌数值'!$E$6:$E$249,A4),"") | D4: =COUNTIFS('卡牌数值'!$E$6:$E$249,A4,'卡牌数值'!$Q$6:$Q$249,"可组")
A5: 稀有 | B5: =COUNTIF('卡牌数值'!$E$6:$E$249,A5) | C5: =IFERROR(AVERAGEIFS('卡牌数值'!$F$6:$F$249,'卡牌数值'!$E$6:$E$249,A5),"") | D5: =COUNTIFS('卡牌数值'!$E$6:$E$249,A5,'卡牌数值'!$Q$6:$Q$249,"可组")
A6: 史诗 | B6: =COUNTIF('卡牌数值'!$E$6:$E$249,A6) | C6: =IFERROR(AVERAGEIFS('卡牌数值'!$F$6:$F$249,'卡牌数值'!$E$6:$E$249,A6),"") | D6: =COUNTIFS('卡牌数值'!$E$6:$E$249,A6,'卡牌数值'!$Q$6:$Q$249,"可组")
A7: 传说 | B7: =COUNTIF('卡牌数值'!$E$6:$E$249,A7) | C7: =IFERROR(AVERAGEIFS('卡牌数值'!$F$6:$F$249,'卡牌数值'!$E$6:$E$249,A7),"") | D7: =COUNTIFS('卡牌数值'!$E$6:$E$249,A7,'卡牌数值'!$Q$6:$Q$249,"可组")
